variable,release_year,n_counties,n_missing,pct_missing
hs_graduation_rate,2012,3134,33,1.1
hs_graduation_rate,2013,3134,35,1.1
hs_graduation_rate,2014,3134,452,14.4
hs_graduation_rate,2015,3134,470,15.0
hs_graduation_rate,2016,3134,505,16.1
hs_graduation_rate,2017,3136,473,15.1
hs_graduation_rate,2018,3135,471,15.0
hs_graduation_rate,2019,3135,100,3.2
hs_graduation_rate,2020,3135,97,3.1
hs_graduation_rate,2021,3135,556,17.7
hs_graduation_rate,2022,3135,659,21.0
hs_graduation_rate,2023,3135,831,26.5
hs_graduation_rate,2024,3136,677,21.6
hs_graduation_rate,2025,3136,647,20.6
uninsured_adults_raw,2012,3134,2,0.1
uninsured_adults_raw,2013,3134,2,0.1
uninsured_adults_raw,2014,3134,2,0.1
uninsured_adults_raw,2015,3134,2,0.1
uninsured_adults_raw,2016,3134,2,0.1
uninsured_adults_raw,2017,3136,9,0.3
uninsured_adults_raw,2018,3135,2,0.1
uninsured_adults_raw,2019,3135,2,0.1
uninsured_adults_raw,2020,3135,2,0.1
uninsured_adults_raw,2021,3135,2,0.1
uninsured_adults_raw,2022,3135,2,0.1
uninsured_adults_raw,2023,3135,2,0.1
uninsured_adults_raw,2024,3136,2,0.1
uninsured_adults_raw,2025,3136,2,0.1
income_inequality,2012,3134,3134,100.0
income_inequality,2013,3134,3134,100.0
income_inequality,2014,3134,3134,100.0
income_inequality,2015,3134,1,0.0
income_inequality,2016,3134,2,0.1
income_inequality,2017,3136,10,0.3
income_inequality,2018,3135,3,0.1
income_inequality,2019,3135,1,0.0
income_inequality,2020,3135,3,0.1
income_inequality,2021,3135,2,0.1
income_inequality,2022,3135,7,0.2
income_inequality,2023,3135,8,0.3
income_inequality,2024,3136,16,0.5
income_inequality,2025,3136,22,0.7
poverty_rate,2012,3134,2,0.1
poverty_rate,2013,3134,3062,97.7
poverty_rate,2014,3134,3062,97.7
poverty_rate,2015,3134,3062,97.7
poverty_rate,2016,3134,3062,97.7
poverty_rate,2017,3136,3064,97.7
poverty_rate,2018,3135,3063,97.7
poverty_rate,2019,3135,3063,97.7
poverty_rate,2020,3135,3063,97.7
poverty_rate,2021,3135,2,0.1
poverty_rate,2022,3135,2,0.1
poverty_rate,2023,3135,2,0.1
poverty_rate,2024,3136,2,0.1
poverty_rate,2025,3136,2,0.1
unemployment_rate,2012,3134,2,0.1
unemployment_rate,2013,3134,2,0.1
unemployment_rate,2014,3134,2,0.1
unemployment_rate,2015,3134,2,0.1
unemployment_rate,2016,3134,3,0.1
unemployment_rate,2017,3136,9,0.3
unemployment_rate,2018,3135,2,0.1
unemployment_rate,2019,3135,2,0.1
unemployment_rate,2020,3135,2,0.1
unemployment_rate,2021,3135,2,0.1
unemployment_rate,2022,3135,2,0.1
unemployment_rate,2023,3135,2,0.1
unemployment_rate,2024,3136,2,0.1
unemployment_rate,2025,3136,2,0.1
pct_65plus,2012,3134,1,0.0
pct_65plus,2013,3134,1,0.0
pct_65plus,2014,3134,1,0.0
pct_65plus,2015,3134,1,0.0
pct_65plus,2016,3134,2,0.1
pct_65plus,2017,3136,8,0.3
pct_65plus,2018,3135,1,0.0
pct_65plus,2019,3135,1,0.0
pct_65plus,2020,3135,1,0.0
pct_65plus,2021,3135,1,0.0
pct_65plus,2022,3135,1,0.0
pct_65plus,2023,3135,1,0.0
pct_65plus,2024,3136,1,0.0
pct_65plus,2025,3136,1,0.0
median_income,2012,3134,2,0.1
median_income,2013,3134,2,0.1
median_income,2014,3134,2,0.1
median_income,2015,3134,2,0.1
median_income,2016,3134,3,0.1
median_income,2017,3136,9,0.3
median_income,2018,3135,2,0.1
median_income,2019,3135,2,0.1
median_income,2020,3135,2,0.1
median_income,2021,3135,2,0.1
median_income,2022,3135,3,0.1
median_income,2023,3135,3,0.1
median_income,2024,3136,2,0.1
median_income,2025,3136,2,0.1
pct_aian,2012,3134,1,0.0
pct_aian,2013,3134,1,0.0
pct_aian,2014,3134,1,0.0
pct_aian,2015,3134,1,0.0
pct_aian,2016,3134,2,0.1
pct_aian,2017,3136,8,0.3
pct_aian,2018,3135,1,0.0
pct_aian,2019,3135,1,0.0
pct_aian,2020,3135,3135,100.0
pct_aian,2021,3135,3135,100.0
pct_aian,2022,3135,3135,100.0
pct_aian,2023,3135,3135,100.0
pct_aian,2024,3136,3136,100.0
pct_aian,2025,3136,3136,100.0
population,2012,3134,1,0.0
population,2013,3134,1,0.0
population,2014,3134,1,0.0
population,2015,3134,1,0.0
population,2016,3134,2,0.1
population,2017,3136,8,0.3
population,2018,3135,1,0.0
population,2019,3135,1,0.0
population,2020,3135,1,0.0
population,2021,3135,1,0.0
population,2022,3135,1,0.0
population,2023,3135,1,0.0
population,2024,3136,1,0.0
population,2025,3136,1,0.0
pct_hispanic,2012,3134,1,0.0
pct_hispanic,2013,3134,1,0.0
pct_hispanic,2014,3134,1,0.0
pct_hispanic,2015,3134,1,0.0
pct_hispanic,2016,3134,2,0.1
pct_hispanic,2017,3136,8,0.3
pct_hispanic,2018,3135,1,0.0
pct_hispanic,2019,3135,1,0.0
pct_hispanic,2020,3135,1,0.0
pct_hispanic,2021,3135,1,0.0
pct_hispanic,2022,3135,1,0.0
pct_hispanic,2023,3135,1,0.0
pct_hispanic,2024,3136,1,0.0
pct_hispanic,2025,3136,1,0.0
pct_black,2012,3134,1,0.0
pct_black,2013,3134,1,0.0
pct_black,2014,3134,1,0.0
pct_black,2015,3134,1,0.0
pct_black,2016,3134,2,0.1
pct_black,2017,3136,8,0.3
pct_black,2018,3135,1,0.0
pct_black,2019,3135,1,0.0
pct_black,2020,3135,3135,100.0
pct_black,2021,3135,3135,100.0
pct_black,2022,3135,3135,100.0
pct_black,2023,3135,3135,100.0
pct_black,2024,3136,3136,100.0
pct_black,2025,3136,3136,100.0
single_parent_rate,2012,3134,2,0.1
single_parent_rate,2013,3134,5,0.2
single_parent_rate,2014,3134,3,0.1
single_parent_rate,2015,3134,2,0.1
single_parent_rate,2016,3134,3,0.1
single_parent_rate,2017,3136,9,0.3
single_parent_rate,2018,3135,2,0.1
single_parent_rate,2019,3135,2,0.1
single_parent_rate,2020,3135,3,0.1
single_parent_rate,2021,3135,2,0.1
single_parent_rate,2022,3135,2,0.1
single_parent_rate,2023,3135,2,0.1
single_parent_rate,2024,3136,2,0.1
single_parent_rate,2025,3136,3,0.1
some_college_rate,2012,3134,1,0.0
some_college_rate,2013,3134,1,0.0
some_college_rate,2014,3134,1,0.0
some_college_rate,2015,3134,1,0.0
some_college_rate,2016,3134,2,0.1
some_college_rate,2017,3136,8,0.3
some_college_rate,2018,3135,1,0.0
some_college_rate,2019,3135,1,0.0
some_college_rate,2020,3135,1,0.0
some_college_rate,2021,3135,1,0.0
some_college_rate,2022,3135,1,0.0
some_college_rate,2023,3135,1,0.0
some_college_rate,2024,3136,1,0.0
some_college_rate,2025,3136,2,0.1
pct_asian,2012,3134,1,0.0
pct_asian,2013,3134,1,0.0
pct_asian,2014,3134,1,0.0
pct_asian,2015,3134,1,0.0
pct_asian,2016,3134,2,0.1
pct_asian,2017,3136,8,0.3
pct_asian,2018,3135,1,0.0
pct_asian,2019,3135,1,0.0
pct_asian,2020,3135,1,0.0
pct_asian,2021,3135,1,0.0
pct_asian,2022,3135,1,0.0
pct_asian,2023,3135,1,0.0
pct_asian,2024,3136,1,0.0
pct_asian,2025,3136,1,0.0
pct_under18,2012,3134,1,0.0
pct_under18,2013,3134,1,0.0
pct_under18,2014,3134,1,0.0
pct_under18,2015,3134,1,0.0
pct_under18,2016,3134,2,0.1
pct_under18,2017,3136,8,0.3
pct_under18,2018,3135,1,0.0
pct_under18,2019,3135,1,0.0
pct_under18,2020,3135,1,0.0
pct_under18,2021,3135,1,0.0
pct_under18,2022,3135,1,0.0
pct_under18,2023,3135,1,0.0
pct_under18,2024,3136,1,0.0
pct_under18,2025,3136,1,0.0
pct_rural,2012,3134,2,0.1
pct_rural,2013,3134,1,0.0
pct_rural,2014,3134,1,0.0
pct_rural,2015,3134,1,0.0
pct_rural,2016,3134,1,0.0
pct_rural,2017,3136,8,0.3
pct_rural,2018,3135,8,0.3
pct_rural,2019,3135,8,0.3
pct_rural,2020,3135,8,0.3
pct_rural,2021,3135,8,0.3
pct_rural,2022,3135,8,0.3
pct_rural,2023,3135,8,0.3
pct_rural,2024,3136,1,0.0
pct_rural,2025,3136,1,0.0
uninsured_raw,2012,3134,2,0.1
uninsured_raw,2013,3134,2,0.1
uninsured_raw,2014,3134,2,0.1
uninsured_raw,2015,3134,2,0.1
uninsured_raw,2016,3134,2,0.1
uninsured_raw,2017,3136,9,0.3
uninsured_raw,2018,3135,2,0.1
uninsured_raw,2019,3135,2,0.1
uninsured_raw,2020,3135,2,0.1
uninsured_raw,2021,3135,2,0.1
uninsured_raw,2022,3135,2,0.1
uninsured_raw,2023,3135,2,0.1
uninsured_raw,2024,3136,2,0.1
uninsured_raw,2025,3136,2,0.1
pct_white,2012,3134,3134,100.0
pct_white,2013,3134,1,0.0
pct_white,2014,3134,1,0.0
pct_white,2015,3134,1,0.0
pct_white,2016,3134,2,0.1
pct_white,2017,3136,8,0.3
pct_white,2018,3135,1,0.0
pct_white,2019,3135,1,0.0
pct_white,2020,3135,1,0.0
pct_white,2021,3135,1,0.0
pct_white,2022,3135,1,0.0
pct_white,2023,3135,1,0.0
pct_white,2024,3136,1,0.0
pct_white,2025,3136,1,0.0
child_poverty_rate,2012,3134,3134,100.0
child_poverty_rate,2013,3134,2,0.1
child_poverty_rate,2014,3134,2,0.1
child_poverty_rate,2015,3134,2,0.1
child_poverty_rate,2016,3134,3,0.1
child_poverty_rate,2017,3136,9,0.3
child_poverty_rate,2018,3135,2,0.1
child_poverty_rate,2019,3135,2,0.1
child_poverty_rate,2020,3135,2,0.1
child_poverty_rate,2021,3135,3135,100.0
child_poverty_rate,2022,3135,3135,100.0
child_poverty_rate,2023,3135,3135,100.0
child_poverty_rate,2024,3136,3136,100.0
child_poverty_rate,2025,3136,3136,100.0
severe_housing_rate,2012,3134,3134,100.0
severe_housing_rate,2013,3134,3134,100.0
severe_housing_rate,2014,3134,1,0.0
severe_housing_rate,2015,3134,1,0.0
severe_housing_rate,2016,3134,1,0.0
severe_housing_rate,2017,3136,8,0.3
severe_housing_rate,2018,3135,1,0.0
severe_housing_rate,2019,3135,1,0.0
severe_housing_rate,2020,3135,1,0.0
severe_housing_rate,2021,3135,1,0.0
severe_housing_rate,2022,3135,1,0.0
severe_housing_rate,2023,3135,1,0.0
severe_housing_rate,2024,3136,1,0.0
severe_housing_rate,2025,3136,1,0.0
